begin
INSERT INTO Region(RegionID, RegionDescription) VALUES (1, 'Eastern');
INSERT INTO Region(RegionID, RegionDescription) VALUES (2, 'Western');
INSERT INTO Region(RegionID, RegionDescription) VALUES (3, 'Northern');
INSERT INTO Region(RegionID, RegionDescription) VALUES (4, 'Southern');
commit;
end;
/

begin
INSERT INTO Territories(TerritoryID, TerritoryDescription, RegionID) VALUES ('01581', 'Westboro', 1);
INSERT INTO Territories(TerritoryID, TerritoryDescription, RegionID) VALUES ('01730', 'Bedford', 1);
INSERT INTO Territories(TerritoryID, TerritoryDescription, RegionID) VALUES ('01833', 'Georgetow', 1);
INSERT INTO Territories(TerritoryID, TerritoryDescription, RegionID) VALUES ('02116', 'Boston', 1);
INSERT INTO Territories(TerritoryID, TerritoryDescription, RegionID) VALUES ('02139', 'Cambridge', 1);
INSERT INTO Territories(TerritoryID, TerritoryDescription, RegionID) VALUES ('02184', 'Braintree', 1);
INSERT INTO Territories(TerritoryID, TerritoryDescription, RegionID) VALUES ('02903', 'Providence', 1);
INSERT INTO Territories(TerritoryID, TerritoryDescription, RegionID) VALUES ('03049', 'Hollis', 3);
INSERT INTO Territories(TerritoryID, TerritoryDescription, RegionID) VALUES ('03801', 'Portsmouth', 3);
INSERT INTO Territories(TerritoryID, TerritoryDescription, RegionID) VALUES ('06897', 'Wilton', 1);
INSERT INTO Territories(TerritoryID, TerritoryDescription, RegionID) VALUES ('07960', 'Morristown', 1);
INSERT INTO Territories(TerritoryID, TerritoryDescription, RegionID) VALUES ('08837', 'Edison', 1);
INSERT INTO Territories(TerritoryID, TerritoryDescription, RegionID) VALUES ('10019', 'New York', 1);
INSERT INTO Territories(TerritoryID, TerritoryDescription, RegionID) VALUES ('10038', 'New York', 1);
INSERT INTO Territories(TerritoryID, TerritoryDescription, RegionID) VALUES ('11747', 'Mellvile', 1);
INSERT INTO Territories(TerritoryID, TerritoryDescription, RegionID) VALUES ('14450', 'Fairport', 1);
INSERT INTO Territories(TerritoryID, TerritoryDescription, RegionID) VALUES ('19428', 'Philadelphia', 3);
INSERT INTO Territories(TerritoryID, TerritoryDescription, RegionID) VALUES ('19713', 'Neward', 1);
INSERT INTO Territories(TerritoryID, TerritoryDescription, RegionID) VALUES ('20852', 'Rockville', 1);
INSERT INTO Territories(TerritoryID, TerritoryDescription, RegionID) VALUES ('27403', 'Greensboro', 1);
INSERT INTO Territories(TerritoryID, TerritoryDescription, RegionID) VALUES ('27511', 'Cary', 1);
INSERT INTO Territories(TerritoryID, TerritoryDescription, RegionID) VALUES ('29202', 'Columbia', 4);
INSERT INTO Territories(TerritoryID, TerritoryDescription, RegionID) VALUES ('30346', 'Atlanta', 4);
INSERT INTO Territories(TerritoryID, TerritoryDescription, RegionID) VALUES ('31406', 'Savannah', 4);
INSERT INTO Territories(TerritoryID, TerritoryDescription, RegionID) VALUES ('32859', 'Orlando', 4);
INSERT INTO Territories(TerritoryID, TerritoryDescription, RegionID) VALUES ('33607', 'Tampa', 4);
INSERT INTO Territories(TerritoryID, TerritoryDescription, RegionID) VALUES ('40222', 'Louisville', 1);
INSERT INTO Territories(TerritoryID, TerritoryDescription, RegionID) VALUES ('44122', 'Beachwood', 3);
INSERT INTO Territories(TerritoryID, TerritoryDescription, RegionID) VALUES ('45839', 'Findlay', 3);
INSERT INTO Territories(TerritoryID, TerritoryDescription, RegionID) VALUES ('48075', 'Southfield', 3);
INSERT INTO Territories(TerritoryID, TerritoryDescription, RegionID) VALUES ('48084', 'Troy', 3);
INSERT INTO Territories(TerritoryID, TerritoryDescription, RegionID) VALUES ('48304', 'Bloomfield Hills', 3);
INSERT INTO Territories(TerritoryID, TerritoryDescription, RegionID) VALUES ('53404', 'Racine', 3);
INSERT INTO Territories(TerritoryID, TerritoryDescription, RegionID) VALUES ('55113', 'Roseville', 3);
INSERT INTO Territories(TerritoryID, TerritoryDescription, RegionID) VALUES ('55439', 'Minneapolis', 3);
INSERT INTO Territories(TerritoryID, TerritoryDescription, RegionID) VALUES ('60179', 'Hoffman Estates', 2);
INSERT INTO Territories(TerritoryID, TerritoryDescription, RegionID) VALUES ('60601', 'Chicago', 2);
INSERT INTO Territories(TerritoryID, TerritoryDescription, RegionID) VALUES ('72716', 'Bentonville', 4);
INSERT INTO Territories(TerritoryID, TerritoryDescription, RegionID) VALUES ('75234', 'Dallas', 4);
INSERT INTO Territories(TerritoryID, TerritoryDescription, RegionID) VALUES ('78759', 'Austin', 4);
INSERT INTO Territories(TerritoryID, TerritoryDescription, RegionID) VALUES ('80202', 'Denver', 2);
INSERT INTO Territories(TerritoryID, TerritoryDescription, RegionID) VALUES ('80909', 'Colorado Springs', 2);
INSERT INTO Territories(TerritoryID, TerritoryDescription, RegionID) VALUES ('85014', 'Phoenix', 2);
INSERT INTO Territories(TerritoryID, TerritoryDescription, RegionID) VALUES ('85251', 'Scottsdale', 2);
INSERT INTO Territories(TerritoryID, TerritoryDescription, RegionID) VALUES ('90405', 'Santa Monica', 2);
INSERT INTO Territories(TerritoryID, TerritoryDescription, RegionID) VALUES ('94025', 'Menlo Park', 2);
INSERT INTO Territories(TerritoryID, TerritoryDescription, RegionID) VALUES ('94105', 'San Francisco', 2);
INSERT INTO Territories(TerritoryID, TerritoryDescription, RegionID) VALUES ('95008', 'Campbell', 2);
INSERT INTO Territories(TerritoryID, TerritoryDescription, RegionID) VALUES ('95054', 'Santa Clara', 2);
INSERT INTO Territories(TerritoryID, TerritoryDescription, RegionID) VALUES ('95060', 'Santa Cruz', 2);
INSERT INTO Territories(TerritoryID, TerritoryDescription, RegionID) VALUES ('98004', 'Bellevue', 2);
INSERT INTO Territories(TerritoryID, TerritoryDescription, RegionID) VALUES ('98052', 'Redmond', 2);
INSERT INTO Territories(TerritoryID, TerritoryDescription, RegionID) VALUES ('98104', 'Seattle', 2);
commit;
end;
/

begin
INSERT INTO Suppliers(SupplierID, CompanyName, ContactName, ContactTitle, Address, City, Region, PostalCode, Country, Phone, Fax, HomePage) VALUES (1, 'Exotic Liquids', 'Charlotte Cooper', 'Purchasing Manager', '49 Gilbert St.', 'London', '', 'EC1 4SD', 'UK', '(171) 555-2222', '', '');
INSERT INTO Suppliers(SupplierID, CompanyName, ContactName, ContactTitle, Address, City, Region, PostalCode, Country, Phone, Fax, HomePage) VALUES (2, 'New Orleans Cajun Delights', 'Shelley Burke', 'Order Administrator', 'P.O. Box 78934', 'New Orleans', 'LA', '70117', 'USA', '(100) 555-4822', '', '#CAJUN.HTM#');
INSERT INTO Suppliers(SupplierID, CompanyName, ContactName, ContactTitle, Address, City, Region, PostalCode, Country, Phone, Fax, HomePage) VALUES (3, 'Grandma Kelly'||chr(39)||'s Homestead', 'Regina Murphy', 'Sales Representative', '707 Oxford Rd.', 'Ann Arbor', 'MI', '48104', 'USA', '(313) 555-5735', '(313) 555-3349', '');
INSERT INTO Suppliers(SupplierID, CompanyName, ContactName, ContactTitle, Address, City, Region, PostalCode, Country, Phone, Fax, HomePage) VALUES (4, 'Tokyo Traders', 'Yoshi Nagase', 'Marketing Manager', '9-8 Sekimai Musashino-shi', 'Tokyo', '', '100', 'Japan', '(03) 3555-5011', '', '');
INSERT INTO Suppliers(SupplierID, CompanyName, ContactName, ContactTitle, Address, City, Region, PostalCode, Country, Phone, Fax, HomePage) VALUES (5, 'Cooperativa de Quesos '||chr(39)||'Las Cabras'||chr(39)||'', 'Antonio del Valle Saavedra', 'Export Administrator', 'Calle del Rosal 4', 'Oviedo', 'Asturias', '33007', 'Spain', '(98) 598 76 54', '', '');
INSERT INTO Suppliers(SupplierID, CompanyName, ContactName, ContactTitle, Address, City, Region, PostalCode, Country, Phone, Fax, HomePage) VALUES (6, 'Mayumi'||chr(39)||'s', 'Mayumi Ohno', 'Marketing Representative', '92 Setsuko Chuo-ku', 'Osaka', '', '545', 'Japan', '(06) 431-7877', '', 'Mayumi'||chr(39)||'s (on the World Wide Web)#http://www.microsoft.com/accessdev/sampleapps/mayumi.htm#');
INSERT INTO Suppliers(SupplierID, CompanyName, ContactName, ContactTitle, Address, City, Region, PostalCode, Country, Phone, Fax, HomePage) VALUES (7, 'Pavlova, Ltd.', 'Ian Devling', 'Marketing Manager', '74 Rose St. Moonie Ponds', 'Melbourne', 'Victoria', '3058', 'Australia', '(03) 444-2343', '(03) 444-6588', '');
INSERT INTO Suppliers(SupplierID, CompanyName, ContactName, ContactTitle, Address, City, Region, PostalCode, Country, Phone, Fax, HomePage) VALUES (8, 'Specialty Biscuits, Ltd.', 'Peter Wilson', 'Sales Representative', '29 King'||chr(39)||'s Way', 'Manchester', '', 'M14 GSD', 'UK', '(161) 555-4448', '', '');
INSERT INTO Suppliers(SupplierID, CompanyName, ContactName, ContactTitle, Address, City, Region, PostalCode, Country, Phone, Fax, HomePage) VALUES (9, 'PB Knäckebröd AB', 'Lars Peterson', 'Sales Agent', 'Kaloadagatan 13', 'Göteborg', '', 'S-345 67', 'Sweden', '031-987 65 43', '031-987 65 91', '');
INSERT INTO Suppliers(SupplierID, CompanyName, ContactName, ContactTitle, Address, City, Region, PostalCode, Country, Phone, Fax, HomePage) VALUES (10, 'Refrescos Americanas LTDA', 'Carlos Diaz', 'Marketing Manager', 'Av. das Americanas 12.890', 'Sao Paulo', '', '5442', 'Brazil', '(11) 555 4640', '', '');
INSERT INTO Suppliers(SupplierID, CompanyName, ContactName, ContactTitle, Address, City, Region, PostalCode, Country, Phone, Fax, HomePage) VALUES (11, 'Heli Süßwaren GmbH Co. KG', 'Petra Winkler', 'Sales Manager', 'Tiergartenstraße 5', 'Berlin', '', '10785', 'Germany', '(010) 9984510', '', '');
INSERT INTO Suppliers(SupplierID, CompanyName, ContactName, ContactTitle, Address, City, Region, PostalCode, Country, Phone, Fax, HomePage) VALUES (12, 'Plutzer Lebensmittelgroßmärkte AG', 'Martin Bein', 'International Marketing Mgr.', 'Bogenallee 51', 'Frankfurt', '', '60439', 'Germany', '(069) 992755', '', 'Plutzer (on the World Wide Web)#http://www.microsoft.com/accessdev/sampleapps/plutzer.htm#');
INSERT INTO Suppliers(SupplierID, CompanyName, ContactName, ContactTitle, Address, City, Region, PostalCode, Country, Phone, Fax, HomePage) VALUES (13, 'Nord-Ost-Fisch Handelsgesellschaft mbH', 'Sven Petersen', 'Coordinator Foreign Markets', 'Frahmredder 112a', 'Cuxhaven', '', '27478', 'Germany', '(04721) 8713', '(04721) 8714', '');
INSERT INTO Suppliers(SupplierID, CompanyName, ContactName, ContactTitle, Address, City, Region, PostalCode, Country, Phone, Fax, HomePage) VALUES (14, 'Formaggi Fortini s.r.l.', 'Elio Rossi', 'Sales Representative', 'Viale Dante, 75', 'Ravenna', '', '48100', 'Italy', '(0544) 60323', '(0544) 60603', '#FORMAGGI.HTM#');
INSERT INTO Suppliers(SupplierID, CompanyName, ContactName, ContactTitle, Address, City, Region, PostalCode, Country, Phone, Fax, HomePage) VALUES (15, 'Norske Meierier', 'Beate Vileid', 'Marketing Manager', 'Hatlevegen 5', 'Sandvika', '', '1320', 'Norway', '(0)2-953010', '', '');
INSERT INTO Suppliers(SupplierID, CompanyName, ContactName, ContactTitle, Address, City, Region, PostalCode, Country, Phone, Fax, HomePage) VALUES (16, 'Bigfoot Breweries', 'Cheryl Saylor', 'Regional Account Rep.', '3400 - 8th Avenue Suite 210', 'Bend', 'OR', '97101', 'USA', '(503) 555-9931', '', '');
INSERT INTO Suppliers(SupplierID, CompanyName, ContactName, ContactTitle, Address, City, Region, PostalCode, Country, Phone, Fax, HomePage) VALUES (17, 'Svensk Sjöföda AB', 'Michael Björn', 'Sales Representative', 'Brovallavägen 231', 'Stockholm', '', 'S-123 45', 'Sweden', '08-123 45 67', '', '');
INSERT INTO Suppliers(SupplierID, CompanyName, ContactName, ContactTitle, Address, City, Region, PostalCode, Country, Phone, Fax, HomePage) VALUES (18, 'Aux joyeux ecclésiastiques', 'Guylène Nodier', 'Sales Manager', '203, Rue des Francs-Bourgeois', 'Paris', '', '75004', 'France', '(1) 03.83.00.68', '(1) 03.83.00.62', '');
INSERT INTO Suppliers(SupplierID, CompanyName, ContactName, ContactTitle, Address, City, Region, PostalCode, Country, Phone, Fax, HomePage) VALUES (19, 'New England Seafood Cannery', 'Robb Merchant', 'Wholesale Account Agent', 'Order Processing Dept. 2100 Paul Revere Blvd.', 'Boston', 'MA', '02134', 'USA', '(617) 555-3267', '(617) 555-3389', '');
INSERT INTO Suppliers(SupplierID, CompanyName, ContactName, ContactTitle, Address, City, Region, PostalCode, Country, Phone, Fax, HomePage) VALUES (20, 'Leka Trading', 'Chandra Leka', 'Owner', '471 Serangoon Loop, Suite #402', 'Singapore', '', '0512', 'Singapore', '555-8787', '', '');
INSERT INTO Suppliers(SupplierID, CompanyName, ContactName, ContactTitle, Address, City, Region, PostalCode, Country, Phone, Fax, HomePage) VALUES (21, 'Lyngbysild', 'Niels Petersen', 'Sales Manager', 'Lyngbysild Fiskebakken 10', 'Lyngby', '', '2800', 'Denmark', '43844108', '43844115', '');
INSERT INTO Suppliers(SupplierID, CompanyName, ContactName, ContactTitle, Address, City, Region, PostalCode, Country, Phone, Fax, HomePage) VALUES (22, 'Zaanse Snoepfabriek', 'Dirk Luchte', 'Accounting Manager', 'Verkoop Rijnweg 22', 'Zaandam', '', '9999 ZZ', 'Netherlands', '(12345) 1212', '(12345) 1210', '');
INSERT INTO Suppliers(SupplierID, CompanyName, ContactName, ContactTitle, Address, City, Region, PostalCode, Country, Phone, Fax, HomePage) VALUES (23, 'Karkki Oy', 'Anne Heikkonen', 'Product Manager', 'Valtakatu 12', 'Lappeenranta', '', '53120', 'Finland', '(953) 10956', '', '');
INSERT INTO Suppliers(SupplierID, CompanyName, ContactName, ContactTitle, Address, City, Region, PostalCode, Country, Phone, Fax, HomePage) VALUES (24, 'G'||chr(39)||'day, Mate', 'Wendy Mackenzie', 'Sales Representative', '170 Prince Edward Parade Hunter'||chr(39)||'s Hill', 'Sydney', 'NSW', '2042', 'Australia', '(02) 555-5914', '(02) 555-4873', 'G'||chr(39)||'day Mate (on the World Wide Web)#http://www.microsoft.com/accessdev/sampleapps/gdaymate.htm#');
INSERT INTO Suppliers(SupplierID, CompanyName, ContactName, ContactTitle, Address, City, Region, PostalCode, Country, Phone, Fax, HomePage) VALUES (25, 'Ma Maison', 'Jean-Guy Lauzon', 'Marketing Manager', '2960 Rue St. Laurent', 'Montréal', 'Québec', 'H1J 1C3', 'Canada', '(514) 555-9022', '', '');
INSERT INTO Suppliers(SupplierID, CompanyName, ContactName, ContactTitle, Address, City, Region, PostalCode, Country, Phone, Fax, HomePage) VALUES (26, 'Pasta Buttini s.r.l.', 'Giovanni Giudici', 'Order Administrator', 'Via dei Gelsomini, 153', 'Salerno', '', '84100', 'Italy', '(089) 6547665', '(089) 6547667', '');
INSERT INTO Suppliers(SupplierID, CompanyName, ContactName, ContactTitle, Address, City, Region, PostalCode, Country, Phone, Fax, HomePage) VALUES (27, 'Escargots Nouveaux', 'Marie Delamare', 'Sales Manager', '22, rue H. Voiron', 'Montceau', '', '71300', 'France', '85.57.00.07', '', '');
INSERT INTO Suppliers(SupplierID, CompanyName, ContactName, ContactTitle, Address, City, Region, PostalCode, Country, Phone, Fax, HomePage) VALUES (28, 'Gai pâturage', 'Eliane Noz', 'Sales Representative', 'Bat. B 3, rue des Alpes', 'Annecy', '', '74000', 'France', '38.76.98.06', '38.76.98.58', '');
INSERT INTO Suppliers(SupplierID, CompanyName, ContactName, ContactTitle, Address, City, Region, PostalCode, Country, Phone, Fax, HomePage) VALUES (29, 'Forêts d'||chr(39)||'érables', 'Chantal Goulet', 'Accounting Manager', '148 rue Chasseur', 'Ste-Hyacinthe', 'Québec', 'J2S 7S8', 'Canada', '(514) 555-2955', '(514) 555-2921', '');
commit;
end;
/

begin
INSERT INTO Shippers(ShipperID, CompanyName, Phone) VALUES (1, 'Speedy Express', '(503) 555-9831');
INSERT INTO Shippers(ShipperID, CompanyName, Phone) VALUES (2, 'United Package', '(503) 555-3199');
INSERT INTO Shippers(ShipperID, CompanyName, Phone) VALUES (3, 'Federal Shipping', '(503) 555-9931');
commit;
end;
/

begin
INSERT INTO Customers(CustomerID, CompanyName, ContactName, ContactTitle, Address, City, Region, PostalCode, Country, Phone, Fax) VALUES ('ALFKI', 'Alfreds Futterkiste', 'Maria Anders', 'Sales Representative', 'Obere Str. 57', 'Berlin', '', '12209', 'Germany', '030-0074321', '030-0076545');
INSERT INTO Customers(CustomerID, CompanyName, ContactName, ContactTitle, Address, City, Region, PostalCode, Country, Phone, Fax) VALUES ('ANATR', 'Ana Trujillo Emparedados y helados', 'Ana Trujillo', 'Owner', 'Avda. de la Constitución 2222', 'México D.F.', '', '05021', 'Mexico', '(5) 555-4729', '(5) 555-3745');
INSERT INTO Customers(CustomerID, CompanyName, ContactName, ContactTitle, Address, City, Region, PostalCode, Country, Phone, Fax) VALUES ('ANTON', 'Antonio Moreno Taquería', 'Antonio Moreno', 'Owner', 'Mataderos  2312', 'México D.F.', '', '05023', 'Mexico', '(5) 555-3932', '');
INSERT INTO Customers(CustomerID, CompanyName, ContactName, ContactTitle, Address, City, Region, PostalCode, Country, Phone, Fax) VALUES ('AROUT', 'Around the Horn', 'Thomas Hardy', 'Sales Representative', '120 Hanover Sq.', 'London', '', 'WA1 1DP', 'UK', '(171) 555-7788', '(171) 555-6750');
INSERT INTO Customers(CustomerID, CompanyName, ContactName, ContactTitle, Address, City, Region, PostalCode, Country, Phone, Fax) VALUES ('BERGS', 'Berglunds snabbköp', 'Christina Berglund', 'Order Administrator', 'Berguvsvägen  8', 'Luleå', '', 'S-958 22', 'Sweden', '0921-12 34 65', '0921-12 34 67');
INSERT INTO Customers(CustomerID, CompanyName, ContactName, ContactTitle, Address, City, Region, PostalCode, Country, Phone, Fax) VALUES ('BLAUS', 'Blauer See Delikatessen', 'Hanna Moos', 'Sales Representative', 'Forsterstr. 57', 'Mannheim', '', '68306', 'Germany', '0621-08460', '0621-08924');
INSERT INTO Customers(CustomerID, CompanyName, ContactName, ContactTitle, Address, City, Region, PostalCode, Country, Phone, Fax) VALUES ('BLONP', 'Blondesddsl père et fils', 'Frédérique Citeaux', 'Marketing Manager', '24, place Kléber', 'Strasbourg', '', '67000', 'France', '88.60.15.31', '88.60.15.32');
INSERT INTO Customers(CustomerID, CompanyName, ContactName, ContactTitle, Address, City, Region, PostalCode, Country, Phone, Fax) VALUES ('BOLID', 'Bólido Comidas preparadas', 'Martín Sommer', 'Owner', 'C/ Araquil, 67', 'Madrid', '', '28023', 'Spain', '(91) 555 22 82', '(91) 555 91 99');
INSERT INTO Customers(CustomerID, CompanyName, ContactName, ContactTitle, Address, City, Region, PostalCode, Country, Phone, Fax) VALUES ('BONAP', 'Bon app'||chr(39)||'', 'Laurence Lebihan', 'Owner', '12, rue des Bouchers', 'Marseille', '', '13008', 'France', '91.24.45.40', '91.24.45.41');
INSERT INTO Customers(CustomerID, CompanyName, ContactName, ContactTitle, Address, City, Region, PostalCode, Country, Phone, Fax) VALUES ('BOTTM', 'Bottom-Dollar Markets', 'Elizabeth Lincoln', 'Accounting Manager', '23 Tsawassen Blvd.', 'Tsawassen', 'BC', 'T2F 8M4', 'Canada', '(604) 555-4729', '(604) 555-3745');
INSERT INTO Customers(CustomerID, CompanyName, ContactName, ContactTitle, Address, City, Region, PostalCode, Country, Phone, Fax) VALUES ('BSBEV', 'B'||chr(39)||'s Beverages', 'Victoria Ashworth', 'Sales Representative', 'Fauntleroy Circus', 'London', '', 'EC2 5NT', 'UK', '(171) 555-1212', '');
INSERT INTO Customers(CustomerID, CompanyName, ContactName, ContactTitle, Address, City, Region, PostalCode, Country, Phone, Fax) VALUES ('CACTU', 'Cactus Comidas para llevar', 'Patricio Simpson', 'Sales Agent', 'Cerrito 333', 'Buenos Aires', '', '1010', 'Argentina', '(1) 135-5555', '(1) 135-4892');
INSERT INTO Customers(CustomerID, CompanyName, ContactName, ContactTitle, Address, City, Region, PostalCode, Country, Phone, Fax) VALUES ('CENTC', 'Centro comercial Moctezuma', 'Francisco Chang', 'Marketing Manager', 'Sierras de Granada 9993', 'México D.F.', '', '05022', 'Mexico', '(5) 555-3392', '(5) 555-7293');
INSERT INTO Customers(CustomerID, CompanyName, ContactName, ContactTitle, Address, City, Region, PostalCode, Country, Phone, Fax) VALUES ('CHOPS', 'Chop-suey Chinese', 'Yang Wang', 'Owner', 'Hauptstr. 29', 'Bern', '', '3012', 'Switzerland', '0452-076545', '');
INSERT INTO Customers(CustomerID, CompanyName, ContactName, ContactTitle, Address, City, Region, PostalCode, Country, Phone, Fax) VALUES ('COMMI', 'Comércio Mineiro', 'Pedro Afonso', 'Sales Associate', 'Av. dos Lusíadas, 23', 'Sao Paulo', 'SP', '05432-043', 'Brazil', '(11) 555-7647', '');
INSERT INTO Customers(CustomerID, CompanyName, ContactName, ContactTitle, Address, City, Region, PostalCode, Country, Phone, Fax) VALUES ('CONSH', 'Consolidated Holdings', 'Elizabeth Brown', 'Sales Representative', 'Berkeley Gardens 12  Brewery', 'London', '', 'WX1 6LT', 'UK', '(171) 555-2282', '(171) 555-9199');
INSERT INTO Customers(CustomerID, CompanyName, ContactName, ContactTitle, Address, City, Region, PostalCode, Country, Phone, Fax) VALUES ('DRACD', 'Drachenblut Delikatessen', 'Sven Ottlieb', 'Order Administrator', 'Walserweg 21', 'Aachen', '', '52066', 'Germany', '0241-039123', '0241-059428');
INSERT INTO Customers(CustomerID, CompanyName, ContactName, ContactTitle, Address, City, Region, PostalCode, Country, Phone, Fax) VALUES ('DUMON', 'Du monde entier', 'Janine Labrune', 'Owner', '67, rue des Cinquante Otages', 'Nantes', '', '44000', 'France', '40.67.88.88', '40.67.89.89');
INSERT INTO Customers(CustomerID, CompanyName, ContactName, ContactTitle, Address, City, Region, PostalCode, Country, Phone, Fax) VALUES ('EASTC', 'Eastern Connection', 'Ann Devon', 'Sales Agent', '35 King George', 'London', '', 'WX3 6FW', 'UK', '(171) 555-0297', '(171) 555-3373');
INSERT INTO Customers(CustomerID, CompanyName, ContactName, ContactTitle, Address, City, Region, PostalCode, Country, Phone, Fax) VALUES ('ERNSH', 'Ernst Handel', 'Roland Mendel', 'Sales Manager', 'Kirchgasse 6', 'Graz', '', '8010', 'Austria', '7675-3425', '7675-3426');
INSERT INTO Customers(CustomerID, CompanyName, ContactName, ContactTitle, Address, City, Region, PostalCode, Country, Phone, Fax) VALUES ('FAMIA', 'Familia Arquibaldo', 'Aria Cruz', 'Marketing Assistant', 'Rua Orós, 92', 'Sao Paulo', 'SP', '05442-030', 'Brazil', '(11) 555-9857', '');
INSERT INTO Customers(CustomerID, CompanyName, ContactName, ContactTitle, Address, City, Region, PostalCode, Country, Phone, Fax) VALUES ('FISSA', 'FISSA Fabrica Inter. Salchichas S.A.', 'Diego Roel', 'Accounting Manager', 'C/ Moralzarzal, 86', 'Madrid', '', '28034', 'Spain', '(91) 555 94 44', '(91) 555 55 93');
INSERT INTO Customers(CustomerID, CompanyName, ContactName, ContactTitle, Address, City, Region, PostalCode, Country, Phone, Fax) VALUES ('FOLIG', 'Folies gourmandes', 'Martine Rancé', 'Assistant Sales Agent', '184, chaussée de Tournai', 'Lille', '', '59000', 'France', '20.16.10.16', '20.16.10.17');
INSERT INTO Customers(CustomerID, CompanyName, ContactName, ContactTitle, Address, City, Region, PostalCode, Country, Phone, Fax) VALUES ('FOLKO', 'Folk och fä HB', 'Maria Larsson', 'Owner', 'Åkergatan 24', 'Bräcke', '', 'S-844 67', 'Sweden', '0695-34 67 21', '');
INSERT INTO Customers(CustomerID, CompanyName, ContactName, ContactTitle, Address, City, Region, PostalCode, Country, Phone, Fax) VALUES ('FRANK', 'Frankenversand', 'Peter Franken', 'Marketing Manager', 'Berliner Platz 43', 'München', '', '80805', 'Germany', '089-0877310', '089-0877451');
INSERT INTO Customers(CustomerID, CompanyName, ContactName, ContactTitle, Address, City, Region, PostalCode, Country, Phone, Fax) VALUES ('FRANR', 'France restauration', 'Carine Schmitt', 'Marketing Manager', '54, rue Royale', 'Nantes', '', '44000', 'France', '40.32.21.21', '40.32.21.20');
INSERT INTO Customers(CustomerID, CompanyName, ContactName, ContactTitle, Address, City, Region, PostalCode, Country, Phone, Fax) VALUES ('FRANS', 'Franchi S.p.A.', 'Paolo Accorti', 'Sales Representative', 'Via Monte Bianco 34', 'Torino', '', '10100', 'Italy', '011-4988260', '011-4988261');
INSERT INTO Customers(CustomerID, CompanyName, ContactName, ContactTitle, Address, City, Region, PostalCode, Country, Phone, Fax) VALUES ('FURIB', 'Furia Bacalhau e Frutos do Mar', 'Lino Rodriguez', 'Sales Manager', 'Jardim das rosas n. 32', 'Lisboa', '', '1675', 'Portugal', '(1) 354-2534', '(1) 354-2535');
INSERT INTO Customers(CustomerID, CompanyName, ContactName, ContactTitle, Address, City, Region, PostalCode, Country, Phone, Fax) VALUES ('GALED', 'Galería del gastrónomo', 'Eduardo Saavedra', 'Marketing Manager', 'Rambla de Cataluña, 23', 'Barcelona', '', '08022', 'Spain', '(93) 203 4560', '(93) 203 4561');
INSERT INTO Customers(CustomerID, CompanyName, ContactName, ContactTitle, Address, City, Region, PostalCode, Country, Phone, Fax) VALUES ('GODOS', 'Godos Cocina Típica', 'José Pedro Freyre', 'Sales Manager', 'C/ Romero, 33', 'Sevilla', '', '41101', 'Spain', '(95) 555 82 82', '');
INSERT INTO Customers(CustomerID, CompanyName, ContactName, ContactTitle, Address, City, Region, PostalCode, Country, Phone, Fax) VALUES ('GOURL', 'Gourmet Lanchonetes', 'André Fonseca', 'Sales Associate', 'Av. Brasil, 442', 'Campinas', 'SP', '04876-786', 'Brazil', '(11) 555-9482', '');
INSERT INTO Customers(CustomerID, CompanyName, ContactName, ContactTitle, Address, City, Region, PostalCode, Country, Phone, Fax) VALUES ('GREAL', 'Great Lakes Food Market', 'Howard Snyder', 'Marketing Manager', '2732 Baker Blvd.', 'Eugene', 'OR', '97403', 'USA', '(503) 555-7555', '');
INSERT INTO Customers(CustomerID, CompanyName, ContactName, ContactTitle, Address, City, Region, PostalCode, Country, Phone, Fax) VALUES ('GROSR', 'GROSELLA-Restaurante', 'Manuel Pereira', 'Owner', '5ª Ave. Los Palos Grandes', 'Caracas', 'DF', '1081', 'Venezuela', '(2) 283-2951', '(2) 283-3397');
INSERT INTO Customers(CustomerID, CompanyName, ContactName, ContactTitle, Address, City, Region, PostalCode, Country, Phone, Fax) VALUES ('HANAR', 'Hanari Carnes', 'Mario Pontes', 'Accounting Manager', 'Rua do Paço, 67', 'Rio de Janeiro', 'RJ', '05454-876', 'Brazil', '(21) 555-0091', '(21) 555-8765');
INSERT INTO Customers(CustomerID, CompanyName, ContactName, ContactTitle, Address, City, Region, PostalCode, Country, Phone, Fax) VALUES ('HILAA', 'HILARION-Abastos', 'Carlos Hernández', 'Sales Representative', 'Carrera 22 con Ave. Carlos Soublette #8-35', 'San Cristóbal', 'Táchira', '5022', 'Venezuela', '(5) 555-1340', '(5) 555-1948');
INSERT INTO Customers(CustomerID, CompanyName, ContactName, ContactTitle, Address, City, Region, PostalCode, Country, Phone, Fax) VALUES ('HUNGC', 'Hungry Coyote Import Store', 'Yoshi Latimer', 'Sales Representative', 'City Center Plaza 516 Main St.', 'Elgin', 'OR', '97827', 'USA', '(503) 555-6874', '(503) 555-2376');
INSERT INTO Customers(CustomerID, CompanyName, ContactName, ContactTitle, Address, City, Region, PostalCode, Country, Phone, Fax) VALUES ('HUNGO', 'Hungry Owl All-Night Grocers', 'Patricia McKenna', 'Sales Associate', '8 Johnstown Road', 'Cork', 'Co. Cork', '', 'Ireland', '2967 542', '2967 3333');
INSERT INTO Customers(CustomerID, CompanyName, ContactName, ContactTitle, Address, City, Region, PostalCode, Country, Phone, Fax) VALUES ('ISLAT', 'Island Trading', 'Helen Bennett', 'Marketing Manager', 'Garden House Crowther Way', 'Cowes', 'Isle of Wight', 'PO31 7PJ', 'UK', '(198) 555-8888', '');
INSERT INTO Customers(CustomerID, CompanyName, ContactName, ContactTitle, Address, City, Region, PostalCode, Country, Phone, Fax) VALUES ('KOENE', 'Königlich Essen', 'Philip Cramer', 'Sales Associate', 'Maubelstr. 90', 'Brandenburg', '', '14776', 'Germany', '0555-09876', '');
INSERT INTO Customers(CustomerID, CompanyName, ContactName, ContactTitle, Address, City, Region, PostalCode, Country, Phone, Fax) VALUES ('LACOR', 'La corne d'||chr(39)||'abondance', 'Daniel Tonini', 'Sales Representative', '67, avenue de l'||chr(39)||'Europe', 'Versailles', '', '78000', 'France', '30.59.84.10', '30.59.85.11');
INSERT INTO Customers(CustomerID, CompanyName, ContactName, ContactTitle, Address, City, Region, PostalCode, Country, Phone, Fax) VALUES ('LAMAI', 'La maison d'||chr(39)||'Asie', 'Annette Roulet', 'Sales Manager', '1 rue Alsace-Lorraine', 'Toulouse', '', '31000', 'France', '61.77.61.10', '61.77.61.11');
INSERT INTO Customers(CustomerID, CompanyName, ContactName, ContactTitle, Address, City, Region, PostalCode, Country, Phone, Fax) VALUES ('LAUGB', 'Laughing Bacchus Wine Cellars', 'Yoshi Tannamuri', 'Marketing Assistant', '1900 Oak St.', 'Vancouver', 'BC', 'V3F 2K1', 'Canada', '(604) 555-3392', '(604) 555-7293');
INSERT INTO Customers(CustomerID, CompanyName, ContactName, ContactTitle, Address, City, Region, PostalCode, Country, Phone, Fax) VALUES ('LAZYK', 'Lazy K Kountry Store', 'John Steel', 'Marketing Manager', '12 Orchestra Terrace', 'Walla Walla', 'WA', '99362', 'USA', '(509) 555-7969', '(509) 555-6221');
INSERT INTO Customers(CustomerID, CompanyName, ContactName, ContactTitle, Address, City, Region, PostalCode, Country, Phone, Fax) VALUES ('LEHMS', 'Lehmanns Marktstand', 'Renate Messner', 'Sales Representative', 'Magazinweg 7', 'Frankfurt a.M.', '', '60528', 'Germany', '069-0245984', '069-0245874');
INSERT INTO Customers(CustomerID, CompanyName, ContactName, ContactTitle, Address, City, Region, PostalCode, Country, Phone, Fax) VALUES ('LETSS', 'Let'||chr(39)||'s Stop N Shop', 'Jaime Yorres', 'Owner', '87 Polk St. Suite 5', 'San Francisco', 'CA', '94117', 'USA', '(415) 555-5938', '');
INSERT INTO Customers(CustomerID, CompanyName, ContactName, ContactTitle, Address, City, Region, PostalCode, Country, Phone, Fax) VALUES ('LILAS', 'LILA-Supermercado', 'Carlos González', 'Accounting Manager', 'Carrera 52 con Ave. Bolívar #65-98 Llano Largo', 'Barquisimeto', 'Lara', '3508', 'Venezuela', '(9) 331-6954', '(9) 331-7256');
INSERT INTO Customers(CustomerID, CompanyName, ContactName, ContactTitle, Address, City, Region, PostalCode, Country, Phone, Fax) VALUES ('LINOD', 'LINO-Delicateses', 'Felipe Izquierdo', 'Owner', 'Ave. 5 de Mayo Porlamar', 'I. de Margarita', 'Nueva Esparta', '4980', 'Venezuela', '(8) 34-56-12', '(8) 34-93-93');
INSERT INTO Customers(CustomerID, CompanyName, ContactName, ContactTitle, Address, City, Region, PostalCode, Country, Phone, Fax) VALUES ('LONEP', 'Lonesome Pine Restaurant', 'Fran Wilson', 'Sales Manager', '89 Chiaroscuro Rd.', 'Portland', 'OR', '97219', 'USA', '(503) 555-9573', '(503) 555-9646');
INSERT INTO Customers(CustomerID, CompanyName, ContactName, ContactTitle, Address, City, Region, PostalCode, Country, Phone, Fax) VALUES ('MAGAA', 'Magazzini Alimentari Riuniti', 'Giovanni Rovelli', 'Marketing Manager', 'Via Ludovico il Moro 22', 'Bergamo', '', '24100', 'Italy', '035-640230', '035-640231');
INSERT INTO Customers(CustomerID, CompanyName, ContactName, ContactTitle, Address, City, Region, PostalCode, Country, Phone, Fax) VALUES ('MAISD', 'Maison Dewey', 'Catherine Dewey', 'Sales Agent', 'Rue Joseph-Bens 532', 'Bruxelles', '', 'B-1180', 'Belgium', '(02) 201 24 67', '(02) 201 24 68');
INSERT INTO Customers(CustomerID, CompanyName, ContactName, ContactTitle, Address, City, Region, PostalCode, Country, Phone, Fax) VALUES ('MEREP', 'Mère Paillarde', 'Jean Fresnière', 'Marketing Assistant', '43 rue St. Laurent', 'Montréal', 'Québec', 'H1J 1C3', 'Canada', '(514) 555-8054', '(514) 555-8055');
INSERT INTO Customers(CustomerID, CompanyName, ContactName, ContactTitle, Address, City, Region, PostalCode, Country, Phone, Fax) VALUES ('MORGK', 'Morgenstern Gesundkost', 'Alexander Feuer', 'Marketing Assistant', 'Heerstr. 22', 'Leipzig', '', '04179', 'Germany', '0342-023176', '');
INSERT INTO Customers(CustomerID, CompanyName, ContactName, ContactTitle, Address, City, Region, PostalCode, Country, Phone, Fax) VALUES ('NORTS', 'North/South', 'Simon Crowther', 'Sales Associate', 'South House 300 Queensbridge', 'London', '', 'SW7 1RZ', 'UK', '(171) 555-7733', '(171) 555-2530');
INSERT INTO Customers(CustomerID, CompanyName, ContactName, ContactTitle, Address, City, Region, PostalCode, Country, Phone, Fax) VALUES ('OCEAN', 'Océano Atlántico Ltda.', 'Yvonne Moncada', 'Sales Agent', 'Ing. Gustavo Moncada 8585 Piso 20-A', 'Buenos Aires', '', '1010', 'Argentina', '(1) 135-5333', '(1) 135-5535');
INSERT INTO Customers(CustomerID, CompanyName, ContactName, ContactTitle, Address, City, Region, PostalCode, Country, Phone, Fax) VALUES ('OLDWO', 'Old World Delicatessen', 'Rene Phillips', 'Sales Representative', '2743 Bering St.', 'Anchorage', 'AK', '99508', 'USA', '(907) 555-7584', '(907) 555-2880');
INSERT INTO Customers(CustomerID, CompanyName, ContactName, ContactTitle, Address, City, Region, PostalCode, Country, Phone, Fax) VALUES ('OTTIK', 'Ottilies Käseladen', 'Henriette Pfalzheim', 'Owner', 'Mehrheimerstr. 369', 'Köln', '', '50739', 'Germany', '0221-0644327', '0221-0765721');
INSERT INTO Customers(CustomerID, CompanyName, ContactName, ContactTitle, Address, City, Region, PostalCode, Country, Phone, Fax) VALUES ('PARIS', 'Paris spécialités', 'Marie Bertrand', 'Owner', '265, boulevard Charonne', 'Paris', '', '75012', 'France', '(1) 42.34.22.66', '(1) 42.34.22.77');
INSERT INTO Customers(CustomerID, CompanyName, ContactName, ContactTitle, Address, City, Region, PostalCode, Country, Phone, Fax) VALUES ('PERIC', 'Pericles Comidas clásicas', 'Guillermo Fernández', 'Sales Representative', 'Calle Dr. Jorge Cash 321', 'México D.F.', '', '05033', 'Mexico', '(5) 552-3745', '(5) 545-3745');
INSERT INTO Customers(CustomerID, CompanyName, ContactName, ContactTitle, Address, City, Region, PostalCode, Country, Phone, Fax) VALUES ('PICCO', 'Piccolo und mehr', 'Georg Pipps', 'Sales Manager', 'Geislweg 14', 'Salzburg', '', '5020', 'Austria', '6562-9722', '6562-9723');
INSERT INTO Customers(CustomerID, CompanyName, ContactName, ContactTitle, Address, City, Region, PostalCode, Country, Phone, Fax) VALUES ('PRINI', 'Princesa Isabel Vinhos', 'Isabel de Castro', 'Sales Representative', 'Estrada da saúde n. 58', 'Lisboa', '', '1756', 'Portugal', '(1) 356-5634', '');
INSERT INTO Customers(CustomerID, CompanyName, ContactName, ContactTitle, Address, City, Region, PostalCode, Country, Phone, Fax) VALUES ('QUEDE', 'Que Delícia', 'Bernardo Batista', 'Accounting Manager', 'Rua da Panificadora, 12', 'Rio de Janeiro', 'RJ', '02389-673', 'Brazil', '(21) 555-4252', '(21) 555-4545');
INSERT INTO Customers(CustomerID, CompanyName, ContactName, ContactTitle, Address, City, Region, PostalCode, Country, Phone, Fax) VALUES ('QUEEN', 'Queen Cozinha', 'Lúcia Carvalho', 'Marketing Assistant', 'Alameda dos Canàrios, 891', 'Sao Paulo', 'SP', '05487-020', 'Brazil', '(11) 555-1189', '');
INSERT INTO Customers(CustomerID, CompanyName, ContactName, ContactTitle, Address, City, Region, PostalCode, Country, Phone, Fax) VALUES ('QUICK', 'QUICK-Stop', 'Horst Kloss', 'Accounting Manager', 'Taucherstraße 10', 'Cunewalde', '', '01307', 'Germany', '0372-035188', '');
INSERT INTO Customers(CustomerID, CompanyName, ContactName, ContactTitle, Address, City, Region, PostalCode, Country, Phone, Fax) VALUES ('RANCH', 'Rancho grande', 'Sergio Gutiérrez', 'Sales Representative', 'Av. del Libertador 900', 'Buenos Aires', '', '1010', 'Argentina', '(1) 123-5555', '(1) 123-5556');
INSERT INTO Customers(CustomerID, CompanyName, ContactName, ContactTitle, Address, City, Region, PostalCode, Country, Phone, Fax) VALUES ('RATTC', 'Rattlesnake Canyon Grocery', 'Paula Wilson', 'Assistant Sales Representative', '2817 Milton Dr.', 'Albuquerque', 'NM', '87110', 'USA', '(505) 555-5939', '(505) 555-3620');
INSERT INTO Customers(CustomerID, CompanyName, ContactName, ContactTitle, Address, City, Region, PostalCode, Country, Phone, Fax) VALUES ('REGGC', 'Reggiani Caseifici', 'Maurizio Moroni', 'Sales Associate', 'Strada Provinciale 124', 'Reggio Emilia', '', '42100', 'Italy', '0522-556721', '0522-556722');
INSERT INTO Customers(CustomerID, CompanyName, ContactName, ContactTitle, Address, City, Region, PostalCode, Country, Phone, Fax) VALUES ('RICAR', 'Ricardo Adocicados', 'Janete Limeira', 'Assistant Sales Agent', 'Av. Copacabana, 267', 'Rio de Janeiro', 'RJ', '02389-890', 'Brazil', '(21) 555-3412', '');
INSERT INTO Customers(CustomerID, CompanyName, ContactName, ContactTitle, Address, City, Region, PostalCode, Country, Phone, Fax) VALUES ('RICSU', 'Richter Supermarkt', 'Michael Holz', 'Sales Manager', 'Grenzacherweg 237', 'Genève', '', '1203', 'Switzerland', '0897-034214', '');
INSERT INTO Customers(CustomerID, CompanyName, ContactName, ContactTitle, Address, City, Region, PostalCode, Country, Phone, Fax) VALUES ('ROMEY', 'Romero y tomillo', 'Alejandra Camino', 'Accounting Manager', 'Gran Vía, 1', 'Madrid', '', '28001', 'Spain', '(91) 745 6200', '(91) 745 6210');
INSERT INTO Customers(CustomerID, CompanyName, ContactName, ContactTitle, Address, City, Region, PostalCode, Country, Phone, Fax) VALUES ('SANTG', 'Santé Gourmet', 'Jonas Bergulfsen', 'Owner', 'Erling Skakkes gate 78', 'Stavern', '', '4110', 'Norway', '07-98 92 35', '07-98 92 47');
INSERT INTO Customers(CustomerID, CompanyName, ContactName, ContactTitle, Address, City, Region, PostalCode, Country, Phone, Fax) VALUES ('SAVEA', 'Save-a-lot Markets', 'Jose Pavarotti', 'Sales Representative', '187 Suffolk Ln.', 'Boise', 'ID', '83720', 'USA', '(208) 555-8097', '');
INSERT INTO Customers(CustomerID, CompanyName, ContactName, ContactTitle, Address, City, Region, PostalCode, Country, Phone, Fax) VALUES ('SEVES', 'Seven Seas Imports', 'Hari Kumar', 'Sales Manager', '90 Wadhurst Rd.', 'London', '', 'OX15 4NB', 'UK', '(171) 555-1717', '(171) 555-5646');
INSERT INTO Customers(CustomerID, CompanyName, ContactName, ContactTitle, Address, City, Region, PostalCode, Country, Phone, Fax) VALUES ('SIMOB', 'Simons bistro', 'Jytte Petersen', 'Owner', 'Vinbæltet 34', 'Kobenhavn', '', '1734', 'Denmark', '31 12 34 56', '31 13 35 57');
INSERT INTO Customers(CustomerID, CompanyName, ContactName, ContactTitle, Address, City, Region, PostalCode, Country, Phone, Fax) VALUES ('SPECD', 'Spécialités du monde', 'Dominique Perrier', 'Marketing Manager', '25, rue Lauriston', 'Paris', '', '75016', 'France', '(1) 47.55.60.10', '(1) 47.55.60.20');
INSERT INTO Customers(CustomerID, CompanyName, ContactName, ContactTitle, Address, City, Region, PostalCode, Country, Phone, Fax) VALUES ('SPLIR', 'Split Rail Beer Ale', 'Art Braunschweiger', 'Sales Manager', 'P.O. Box 555', 'Lander', 'WY', '82520', 'USA', '(307) 555-4680', '(307) 555-6525');
INSERT INTO Customers(CustomerID, CompanyName, ContactName, ContactTitle, Address, City, Region, PostalCode, Country, Phone, Fax) VALUES ('SUPRD', 'Suprêmes délices', 'Pascale Cartrain', 'Accounting Manager', 'Boulevard Tirou, 255', 'Charleroi', '', 'B-6000', 'Belgium', '(071) 23 67 22 20', '(071) 23 67 22 21');
INSERT INTO Customers(CustomerID, CompanyName, ContactName, ContactTitle, Address, City, Region, PostalCode, Country, Phone, Fax) VALUES ('THEBI', 'The Big Cheese', 'Liz Nixon', 'Marketing Manager', '89 Jefferson Way Suite 2', 'Portland', 'OR', '97201', 'USA', '(503) 555-3612', '');
INSERT INTO Customers(CustomerID, CompanyName, ContactName, ContactTitle, Address, City, Region, PostalCode, Country, Phone, Fax) VALUES ('THECR', 'The Cracker Box', 'Liu Wong', 'Marketing Assistant', '55 Grizzly Peak Rd.', 'Butte', 'MT', '59801', 'USA', '(406) 555-5834', '(406) 555-8083');
INSERT INTO Customers(CustomerID, CompanyName, ContactName, ContactTitle, Address, City, Region, PostalCode, Country, Phone, Fax) VALUES ('TOMSP', 'Toms Spezialitäten', 'Karin Josephs', 'Marketing Manager', 'Luisenstr. 48', 'Münster', '', '44087', 'Germany', '0251-031259', '0251-035695');
INSERT INTO Customers(CustomerID, CompanyName, ContactName, ContactTitle, Address, City, Region, PostalCode, Country, Phone, Fax) VALUES ('TORTU', 'Tortuga Restaurante', 'Miguel Angel Paolino', 'Owner', 'Avda. Azteca 123', 'México D.F.', '', '05033', 'Mexico', '(5) 555-2933', '');
INSERT INTO Customers(CustomerID, CompanyName, ContactName, ContactTitle, Address, City, Region, PostalCode, Country, Phone, Fax) VALUES ('TRADH', 'Tradição Hipermercados', 'Anabela Domingues', 'Sales Representative', 'Av. Inês de Castro, 414', 'Sao Paulo', 'SP', '05634-030', 'Brazil', '(11) 555-2167', '(11) 555-2168');
INSERT INTO Customers(CustomerID, CompanyName, ContactName, ContactTitle, Address, City, Region, PostalCode, Country, Phone, Fax) VALUES ('TRAIH', 'Trail'||chr(39)||'s Head Gourmet Provisioners', 'Helvetius Nagy', 'Sales Associate', '722 DaVinci Blvd.', 'Kirkland', 'WA', '98034', 'USA', '(206) 555-8257', '(206) 555-2174');
INSERT INTO Customers(CustomerID, CompanyName, ContactName, ContactTitle, Address, City, Region, PostalCode, Country, Phone, Fax) VALUES ('VAFFE', 'Vaffeljernet', 'Palle Ibsen', 'Sales Manager', 'Smagsloget 45', 'Århus', '', '8200', 'Denmark', '86 21 32 43', '86 22 33 44');
INSERT INTO Customers(CustomerID, CompanyName, ContactName, ContactTitle, Address, City, Region, PostalCode, Country, Phone, Fax) VALUES ('VICTE', 'Victuailles en stock', 'Mary Saveley', 'Sales Agent', '2, rue du Commerce', 'Lyon', '', '69004', 'France', '78.32.54.86', '78.32.54.87');
INSERT INTO Customers(CustomerID, CompanyName, ContactName, ContactTitle, Address, City, Region, PostalCode, Country, Phone, Fax) VALUES ('VINET', 'Vins et alcools Chevalier', 'Paul Henriot', 'Accounting Manager', '59 rue de l'||chr(39)||'Abbaye', 'Reims', '', '51100', 'France', '26.47.15.10', '26.47.15.11');
INSERT INTO Customers(CustomerID, CompanyName, ContactName, ContactTitle, Address, City, Region, PostalCode, Country, Phone, Fax) VALUES ('WANDK', 'Die Wandernde Kuh', 'Rita Müller', 'Sales Representative', 'Adenauerallee 900', 'Stuttgart', '', '70563', 'Germany', '0711-020361', '0711-035428');
INSERT INTO Customers(CustomerID, CompanyName, ContactName, ContactTitle, Address, City, Region, PostalCode, Country, Phone, Fax) VALUES ('WARTH', 'Wartian Herkku', 'Pirkko Koskitalo', 'Accounting Manager', 'Torikatu 38', 'Oulu', '', '90110', 'Finland', '981-443655', '981-443655');
INSERT INTO Customers(CustomerID, CompanyName, ContactName, ContactTitle, Address, City, Region, PostalCode, Country, Phone, Fax) VALUES ('WELLI', 'Wellington Importadora', 'Paula Parente', 'Sales Manager', 'Rua do Mercado, 12', 'Resende', 'SP', '08737-363', 'Brazil', '(14) 555-8122', '');
INSERT INTO Customers(CustomerID, CompanyName, ContactName, ContactTitle, Address, City, Region, PostalCode, Country, Phone, Fax) VALUES ('WHITC', 'White Clover Markets', 'Karl Jablonski', 'Owner', '305 - 14th Ave. S. Suite 3B', 'Seattle', 'WA', '98128', 'USA', '(206) 555-4112', '(206) 555-4115');
INSERT INTO Customers(CustomerID, CompanyName, ContactName, ContactTitle, Address, City, Region, PostalCode, Country, Phone, Fax) VALUES ('WILMK', 'Wilman Kala', 'Matti Karttunen', 'Owner/Marketing Assistant', 'Keskuskatu 45', 'Helsinki', '', '21240', 'Finland', '90-224 8858', '90-224 8858');
INSERT INTO Customers(CustomerID, CompanyName, ContactName, ContactTitle, Address, City, Region, PostalCode, Country, Phone, Fax) VALUES ('WOLZA', 'Wolski  Zajazd', 'Zbyszek Piestrzeniewicz', 'Owner', 'ul. Filtrowa 68', 'Warszawa', '', '01-012', 'Poland', '(26) 642-7012', '(26) 642-7012');
commit;
end;
/

begin
INSERT INTO Categories(CategoryID, CategoryName, Description) VALUES (1, 'Beverages', 'Soft drinks, coffees, teas, beers, and ales');
INSERT INTO Categories(CategoryID, CategoryName, Description) VALUES (2, 'Condiments', 'Sweet and savory sauces, relishes, spreads, and seasonings');
INSERT INTO Categories(CategoryID, CategoryName, Description) VALUES (3, 'Confections', 'Desserts, candies, and sweet breads');
INSERT INTO Categories(CategoryID, CategoryName, Description) VALUES (4, 'Dairy Products', 'Cheeses');
INSERT INTO Categories(CategoryID, CategoryName, Description) VALUES (5, 'Grains/Cereals', 'Breads, crackers, pasta, and cereal');
INSERT INTO Categories(CategoryID, CategoryName, Description) VALUES (6, 'Meat/Poultry', 'Prepared meats');
INSERT INTO Categories(CategoryID, CategoryName, Description) VALUES (7, 'Produce', 'Dried fruit and bean curd');
INSERT INTO Categories(CategoryID, CategoryName, Description) VALUES (8, 'Seafood', 'Seaweed and fish');
commit;
end;
/

begin
INSERT INTO Products(ProductID, ProductName, SupplierID, CategoryID, QuantityPerUnit, UnitPrice, UnitsInStock, UnitsOnOrder, ReorderLevel, Discontinued) VALUES (1, 'Chai', 1, 1, '10 boxes x 20 bags', 18.0000, 39, 0, 10, 0);
INSERT INTO Products(ProductID, ProductName, SupplierID, CategoryID, QuantityPerUnit, UnitPrice, UnitsInStock, UnitsOnOrder, ReorderLevel, Discontinued) VALUES (2, 'Chang', 1, 1, '24 - 12 oz bottles', 19.0000, 17, 40, 25, 0);
INSERT INTO Products(ProductID, ProductName, SupplierID, CategoryID, QuantityPerUnit, UnitPrice, UnitsInStock, UnitsOnOrder, ReorderLevel, Discontinued) VALUES (3, 'Aniseed Syrup', 1, 2, '12 - 550 ml bottles', 10.0000, 13, 70, 25, 0);
INSERT INTO Products(ProductID, ProductName, SupplierID, CategoryID, QuantityPerUnit, UnitPrice, UnitsInStock, UnitsOnOrder, ReorderLevel, Discontinued) VALUES (4, 'Chef Anton'||chr(39)||'s Cajun Seasoning', 2, 2, '48 - 6 oz jars', 22.0000, 53, 0, 0, 0);
INSERT INTO Products(ProductID, ProductName, SupplierID, CategoryID, QuantityPerUnit, UnitPrice, UnitsInStock, UnitsOnOrder, ReorderLevel, Discontinued) VALUES (5, 'Chef Anton'||chr(39)||'s Gumbo Mix', 2, 2, '36 boxes', 21.3500, 0, 0, 0, 1);
INSERT INTO Products(ProductID, ProductName, SupplierID, CategoryID, QuantityPerUnit, UnitPrice, UnitsInStock, UnitsOnOrder, ReorderLevel, Discontinued) VALUES (6, 'Grandma'||chr(39)||'s Boysenberry Spread', 3, 2, '12 - 8 oz jars', 25.0000, 120, 0, 25, 0);
INSERT INTO Products(ProductID, ProductName, SupplierID, CategoryID, QuantityPerUnit, UnitPrice, UnitsInStock, UnitsOnOrder, ReorderLevel, Discontinued) VALUES (7, 'Uncle Bob'||chr(39)||'s Organic Dried Pears', 3, 7, '12 - 1 lb pkgs.', 30.0000, 15, 0, 10, 0);
INSERT INTO Products(ProductID, ProductName, SupplierID, CategoryID, QuantityPerUnit, UnitPrice, UnitsInStock, UnitsOnOrder, ReorderLevel, Discontinued) VALUES (8, 'Northwoods Cranberry Sauce', 3, 2, '12 - 12 oz jars', 40.0000, 6, 0, 0, 0);
INSERT INTO Products(ProductID, ProductName, SupplierID, CategoryID, QuantityPerUnit, UnitPrice, UnitsInStock, UnitsOnOrder, ReorderLevel, Discontinued) VALUES (9, 'Mishi Kobe Niku', 4, 6, '18 - 500 g pkgs.', 97.0000, 29, 0, 0, 1);
INSERT INTO Products(ProductID, ProductName, SupplierID, CategoryID, QuantityPerUnit, UnitPrice, UnitsInStock, UnitsOnOrder, ReorderLevel, Discontinued) VALUES (10, 'Ikura', 4, 8, '12 - 200 ml jars', 31.0000, 31, 0, 0, 0);
INSERT INTO Products(ProductID, ProductName, SupplierID, CategoryID, QuantityPerUnit, UnitPrice, UnitsInStock, UnitsOnOrder, ReorderLevel, Discontinued) VALUES (11, 'Queso Cabrales', 5, 4, '1 kg pkg.', 21.0000, 22, 30, 30, 0);
INSERT INTO Products(ProductID, ProductName, SupplierID, CategoryID, QuantityPerUnit, UnitPrice, UnitsInStock, UnitsOnOrder, ReorderLevel, Discontinued) VALUES (12, 'Queso Manchego La Pastora', 5, 4, '10 - 500 g pkgs.', 38.0000, 86, 0, 0, 0);
INSERT INTO Products(ProductID, ProductName, SupplierID, CategoryID, QuantityPerUnit, UnitPrice, UnitsInStock, UnitsOnOrder, ReorderLevel, Discontinued) VALUES (13, 'Konbu', 6, 8, '2 kg box', 6.0000, 24, 0, 5, 0);
INSERT INTO Products(ProductID, ProductName, SupplierID, CategoryID, QuantityPerUnit, UnitPrice, UnitsInStock, UnitsOnOrder, ReorderLevel, Discontinued) VALUES (14, 'Tofu', 6, 7, '40 - 100 g pkgs.', 23.2500, 35, 0, 0, 0);
INSERT INTO Products(ProductID, ProductName, SupplierID, CategoryID, QuantityPerUnit, UnitPrice, UnitsInStock, UnitsOnOrder, ReorderLevel, Discontinued) VALUES (15, 'Genen Shouyu', 6, 2, '24 - 250 ml bottles', 15.5000, 39, 0, 5, 0);
INSERT INTO Products(ProductID, ProductName, SupplierID, CategoryID, QuantityPerUnit, UnitPrice, UnitsInStock, UnitsOnOrder, ReorderLevel, Discontinued) VALUES (16, 'Pavlova', 7, 3, '32 - 500 g boxes', 17.4500, 29, 0, 10, 0);
INSERT INTO Products(ProductID, ProductName, SupplierID, CategoryID, QuantityPerUnit, UnitPrice, UnitsInStock, UnitsOnOrder, ReorderLevel, Discontinued) VALUES (17, 'Alice Mutton', 7, 6, '20 - 1 kg tins', 39.0000, 0, 0, 0, 1);
INSERT INTO Products(ProductID, ProductName, SupplierID, CategoryID, QuantityPerUnit, UnitPrice, UnitsInStock, UnitsOnOrder, ReorderLevel, Discontinued) VALUES (18, 'Carnarvon Tigers', 7, 8, '16 kg pkg.', 62.5000, 42, 0, 0, 0);
INSERT INTO Products(ProductID, ProductName, SupplierID, CategoryID, QuantityPerUnit, UnitPrice, UnitsInStock, UnitsOnOrder, ReorderLevel, Discontinued) VALUES (19, 'Teatime Chocolate Biscuits', 8, 3, '10 boxes x 12 pieces', 9.2000, 25, 0, 5, 0);
INSERT INTO Products(ProductID, ProductName, SupplierID, CategoryID, QuantityPerUnit, UnitPrice, UnitsInStock, UnitsOnOrder, ReorderLevel, Discontinued) VALUES (20, 'Sir Rodney'||chr(39)||'s Marmalade', 8, 3, '30 gift boxes', 81.0000, 40, 0, 0, 0);
INSERT INTO Products(ProductID, ProductName, SupplierID, CategoryID, QuantityPerUnit, UnitPrice, UnitsInStock, UnitsOnOrder, ReorderLevel, Discontinued) VALUES (21, 'Sir Rodney'||chr(39)||'s Scones', 8, 3, '24 pkgs. x 4 pieces', 10.0000, 3, 40, 5, 0);
INSERT INTO Products(ProductID, ProductName, SupplierID, CategoryID, QuantityPerUnit, UnitPrice, UnitsInStock, UnitsOnOrder, ReorderLevel, Discontinued) VALUES (22, 'Gustaf'||chr(39)||'s Knäckebröd', 9, 5, '24 - 500 g pkgs.', 21.0000, 104, 0, 25, 0);
INSERT INTO Products(ProductID, ProductName, SupplierID, CategoryID, QuantityPerUnit, UnitPrice, UnitsInStock, UnitsOnOrder, ReorderLevel, Discontinued) VALUES (23, 'Tunnbröd', 9, 5, '12 - 250 g pkgs.', 9.0000, 61, 0, 25, 0);
INSERT INTO Products(ProductID, ProductName, SupplierID, CategoryID, QuantityPerUnit, UnitPrice, UnitsInStock, UnitsOnOrder, ReorderLevel, Discontinued) VALUES (24, 'Guaraná Fantástica', 10, 1, '12 - 355 ml cans', 4.5000, 20, 0, 0, 1);
INSERT INTO Products(ProductID, ProductName, SupplierID, CategoryID, QuantityPerUnit, UnitPrice, UnitsInStock, UnitsOnOrder, ReorderLevel, Discontinued) VALUES (25, 'NuNuCa Nuß-Nougat-Creme', 11, 3, '20 - 450 g glasses', 14.0000, 76, 0, 30, 0);
INSERT INTO Products(ProductID, ProductName, SupplierID, CategoryID, QuantityPerUnit, UnitPrice, UnitsInStock, UnitsOnOrder, ReorderLevel, Discontinued) VALUES (26, 'Gumbär Gummibärchen', 11, 3, '100 - 250 g bags', 31.2300, 15, 0, 0, 0);
INSERT INTO Products(ProductID, ProductName, SupplierID, CategoryID, QuantityPerUnit, UnitPrice, UnitsInStock, UnitsOnOrder, ReorderLevel, Discontinued) VALUES (27, 'Schoggi Schokolade', 11, 3, '100 - 100 g pieces', 43.9000, 49, 0, 30, 0);
INSERT INTO Products(ProductID, ProductName, SupplierID, CategoryID, QuantityPerUnit, UnitPrice, UnitsInStock, UnitsOnOrder, ReorderLevel, Discontinued) VALUES (28, 'Rössle Sauerkraut', 12, 7, '25 - 825 g cans', 45.6000, 26, 0, 0, 1);
INSERT INTO Products(ProductID, ProductName, SupplierID, CategoryID, QuantityPerUnit, UnitPrice, UnitsInStock, UnitsOnOrder, ReorderLevel, Discontinued) VALUES (29, 'Thüringer Rostbratwurst', 12, 6, '50 bags x 30 sausgs.', 123.7900, 0, 0, 0, 1);
INSERT INTO Products(ProductID, ProductName, SupplierID, CategoryID, QuantityPerUnit, UnitPrice, UnitsInStock, UnitsOnOrder, ReorderLevel, Discontinued) VALUES (30, 'Nord-Ost Matjeshering', 13, 8, '10 - 200 g glasses', 25.8900, 10, 0, 15, 0);
INSERT INTO Products(ProductID, ProductName, SupplierID, CategoryID, QuantityPerUnit, UnitPrice, UnitsInStock, UnitsOnOrder, ReorderLevel, Discontinued) VALUES (31, 'Gorgonzola Telino', 14, 4, '12 - 100 g pkgs', 12.5000, 0, 70, 20, 0);
INSERT INTO Products(ProductID, ProductName, SupplierID, CategoryID, QuantityPerUnit, UnitPrice, UnitsInStock, UnitsOnOrder, ReorderLevel, Discontinued) VALUES (32, 'Mascarpone Fabioli', 14, 4, '24 - 200 g pkgs.', 32.0000, 9, 40, 25, 0);
INSERT INTO Products(ProductID, ProductName, SupplierID, CategoryID, QuantityPerUnit, UnitPrice, UnitsInStock, UnitsOnOrder, ReorderLevel, Discontinued) VALUES (33, 'Geitost', 15, 4, '500 g', 2.5000, 112, 0, 20, 0);
INSERT INTO Products(ProductID, ProductName, SupplierID, CategoryID, QuantityPerUnit, UnitPrice, UnitsInStock, UnitsOnOrder, ReorderLevel, Discontinued) VALUES (34, 'Sasquatch Ale', 16, 1, '24 - 12 oz bottles', 14.0000, 111, 0, 15, 0);
INSERT INTO Products(ProductID, ProductName, SupplierID, CategoryID, QuantityPerUnit, UnitPrice, UnitsInStock, UnitsOnOrder, ReorderLevel, Discontinued) VALUES (35, 'Steeleye Stout', 16, 1, '24 - 12 oz bottles', 18.0000, 20, 0, 15, 0);
INSERT INTO Products(ProductID, ProductName, SupplierID, CategoryID, QuantityPerUnit, UnitPrice, UnitsInStock, UnitsOnOrder, ReorderLevel, Discontinued) VALUES (36, 'Inlagd Sill', 17, 8, '24 - 250 g  jars', 19.0000, 112, 0, 20, 0);
INSERT INTO Products(ProductID, ProductName, SupplierID, CategoryID, QuantityPerUnit, UnitPrice, UnitsInStock, UnitsOnOrder, ReorderLevel, Discontinued) VALUES (37, 'Gravad lax', 17, 8, '12 - 500 g pkgs.', 26.0000, 11, 50, 25, 0);
INSERT INTO Products(ProductID, ProductName, SupplierID, CategoryID, QuantityPerUnit, UnitPrice, UnitsInStock, UnitsOnOrder, ReorderLevel, Discontinued) VALUES (38, 'Côte de Blaye', 18, 1, '12 - 75 cl bottles', 263.5000, 17, 0, 15, 0);
INSERT INTO Products(ProductID, ProductName, SupplierID, CategoryID, QuantityPerUnit, UnitPrice, UnitsInStock, UnitsOnOrder, ReorderLevel, Discontinued) VALUES (39, 'Chartreuse verte', 18, 1, '750 cc per bottle', 18.0000, 69, 0, 5, 0);
INSERT INTO Products(ProductID, ProductName, SupplierID, CategoryID, QuantityPerUnit, UnitPrice, UnitsInStock, UnitsOnOrder, ReorderLevel, Discontinued) VALUES (40, 'Boston Crab Meat', 19, 8, '24 - 4 oz tins', 18.4000, 123, 0, 30, 0);
INSERT INTO Products(ProductID, ProductName, SupplierID, CategoryID, QuantityPerUnit, UnitPrice, UnitsInStock, UnitsOnOrder, ReorderLevel, Discontinued) VALUES (41, 'Jack'||chr(39)||'s New England Clam Chowder', 19, 8, '12 - 12 oz cans', 9.6500, 85, 0, 10, 0);
INSERT INTO Products(ProductID, ProductName, SupplierID, CategoryID, QuantityPerUnit, UnitPrice, UnitsInStock, UnitsOnOrder, ReorderLevel, Discontinued) VALUES (42, 'Singaporean Hokkien Fried Mee', 20, 5, '32 - 1 kg pkgs.', 14.0000, 26, 0, 0, 1);
INSERT INTO Products(ProductID, ProductName, SupplierID, CategoryID, QuantityPerUnit, UnitPrice, UnitsInStock, UnitsOnOrder, ReorderLevel, Discontinued) VALUES (43, 'Ipoh Coffee', 20, 1, '16 - 500 g tins', 46.0000, 17, 10, 25, 0);
INSERT INTO Products(ProductID, ProductName, SupplierID, CategoryID, QuantityPerUnit, UnitPrice, UnitsInStock, UnitsOnOrder, ReorderLevel, Discontinued) VALUES (44, 'Gula Malacca', 20, 2, '20 - 2 kg bags', 19.4500, 27, 0, 15, 0);
INSERT INTO Products(ProductID, ProductName, SupplierID, CategoryID, QuantityPerUnit, UnitPrice, UnitsInStock, UnitsOnOrder, ReorderLevel, Discontinued) VALUES (45, 'Rogede sild', 21, 8, '1k pkg.', 9.5000, 5, 70, 15, 0);
INSERT INTO Products(ProductID, ProductName, SupplierID, CategoryID, QuantityPerUnit, UnitPrice, UnitsInStock, UnitsOnOrder, ReorderLevel, Discontinued) VALUES (46, 'Spegesild', 21, 8, '4 - 450 g glasses', 12.0000, 95, 0, 0, 0);
INSERT INTO Products(ProductID, ProductName, SupplierID, CategoryID, QuantityPerUnit, UnitPrice, UnitsInStock, UnitsOnOrder, ReorderLevel, Discontinued) VALUES (47, 'Zaanse koeken', 22, 3, '10 - 4 oz boxes', 9.5000, 36, 0, 0, 0);
INSERT INTO Products(ProductID, ProductName, SupplierID, CategoryID, QuantityPerUnit, UnitPrice, UnitsInStock, UnitsOnOrder, ReorderLevel, Discontinued) VALUES (48, 'Chocolade', 22, 3, '10 pkgs.', 12.7500, 15, 70, 25, 0);
INSERT INTO Products(ProductID, ProductName, SupplierID, CategoryID, QuantityPerUnit, UnitPrice, UnitsInStock, UnitsOnOrder, ReorderLevel, Discontinued) VALUES (49, 'Maxilaku', 23, 3, '24 - 50 g pkgs.', 20.0000, 10, 60, 15, 0);
INSERT INTO Products(ProductID, ProductName, SupplierID, CategoryID, QuantityPerUnit, UnitPrice, UnitsInStock, UnitsOnOrder, ReorderLevel, Discontinued) VALUES (50, 'Valkoinen suklaa', 23, 3, '12 - 100 g bars', 16.2500, 65, 0, 30, 0);
INSERT INTO Products(ProductID, ProductName, SupplierID, CategoryID, QuantityPerUnit, UnitPrice, UnitsInStock, UnitsOnOrder, ReorderLevel, Discontinued) VALUES (51, 'Manjimup Dried Apples', 24, 7, '50 - 300 g pkgs.', 53.0000, 20, 0, 10, 0);
INSERT INTO Products(ProductID, ProductName, SupplierID, CategoryID, QuantityPerUnit, UnitPrice, UnitsInStock, UnitsOnOrder, ReorderLevel, Discontinued) VALUES (52, 'Filo Mix', 24, 5, '16 - 2 kg boxes', 7.0000, 38, 0, 25, 0);
INSERT INTO Products(ProductID, ProductName, SupplierID, CategoryID, QuantityPerUnit, UnitPrice, UnitsInStock, UnitsOnOrder, ReorderLevel, Discontinued) VALUES (53, 'Perth Pasties', 24, 6, '48 pieces', 32.8000, 0, 0, 0, 1);
INSERT INTO Products(ProductID, ProductName, SupplierID, CategoryID, QuantityPerUnit, UnitPrice, UnitsInStock, UnitsOnOrder, ReorderLevel, Discontinued) VALUES (54, 'Tourtière', 25, 6, '16 pies', 7.4500, 21, 0, 10, 0);
INSERT INTO Products(ProductID, ProductName, SupplierID, CategoryID, QuantityPerUnit, UnitPrice, UnitsInStock, UnitsOnOrder, ReorderLevel, Discontinued) VALUES (55, 'Pâté chinois', 25, 6, '24 boxes x 2 pies', 24.0000, 115, 0, 20, 0);
INSERT INTO Products(ProductID, ProductName, SupplierID, CategoryID, QuantityPerUnit, UnitPrice, UnitsInStock, UnitsOnOrder, ReorderLevel, Discontinued) VALUES (56, 'Gnocchi di nonna Alice', 26, 5, '24 - 250 g pkgs.', 38.0000, 21, 10, 30, 0);
INSERT INTO Products(ProductID, ProductName, SupplierID, CategoryID, QuantityPerUnit, UnitPrice, UnitsInStock, UnitsOnOrder, ReorderLevel, Discontinued) VALUES (57, 'Ravioli Angelo', 26, 5, '24 - 250 g pkgs.', 19.5000, 36, 0, 20, 0);
INSERT INTO Products(ProductID, ProductName, SupplierID, CategoryID, QuantityPerUnit, UnitPrice, UnitsInStock, UnitsOnOrder, ReorderLevel, Discontinued) VALUES (58, 'Escargots de Bourgogne', 27, 8, '24 pieces', 13.2500, 62, 0, 20, 0);
INSERT INTO Products(ProductID, ProductName, SupplierID, CategoryID, QuantityPerUnit, UnitPrice, UnitsInStock, UnitsOnOrder, ReorderLevel, Discontinued) VALUES (59, 'Raclette Courdavault', 28, 4, '5 kg pkg.', 55.0000, 79, 0, 0, 0);
INSERT INTO Products(ProductID, ProductName, SupplierID, CategoryID, QuantityPerUnit, UnitPrice, UnitsInStock, UnitsOnOrder, ReorderLevel, Discontinued) VALUES (60, 'Camembert Pierrot', 28, 4, '15 - 300 g rounds', 34.0000, 19, 0, 0, 0);
INSERT INTO Products(ProductID, ProductName, SupplierID, CategoryID, QuantityPerUnit, UnitPrice, UnitsInStock, UnitsOnOrder, ReorderLevel, Discontinued) VALUES (61, 'Sirop d'||chr(39)||'érable', 29, 2, '24 - 500 ml bottles', 28.5000, 113, 0, 25, 0);
INSERT INTO Products(ProductID, ProductName, SupplierID, CategoryID, QuantityPerUnit, UnitPrice, UnitsInStock, UnitsOnOrder, ReorderLevel, Discontinued) VALUES (62, 'Tarte au sucre', 29, 3, '48 pies', 49.3000, 17, 0, 0, 0);
INSERT INTO Products(ProductID, ProductName, SupplierID, CategoryID, QuantityPerUnit, UnitPrice, UnitsInStock, UnitsOnOrder, ReorderLevel, Discontinued) VALUES (63, 'Vegie-spread', 7, 2, '15 - 625 g jars', 43.9000, 24, 0, 5, 0);
INSERT INTO Products(ProductID, ProductName, SupplierID, CategoryID, QuantityPerUnit, UnitPrice, UnitsInStock, UnitsOnOrder, ReorderLevel, Discontinued) VALUES (64, 'Wimmers gute Semmelknödel', 12, 5, '20 bags x 4 pieces', 33.2500, 22, 80, 30, 0);
INSERT INTO Products(ProductID, ProductName, SupplierID, CategoryID, QuantityPerUnit, UnitPrice, UnitsInStock, UnitsOnOrder, ReorderLevel, Discontinued) VALUES (65, 'Louisiana Fiery Hot Pepper Sauce', 2, 2, '32 - 8 oz bottles', 21.0500, 76, 0, 0, 0);
INSERT INTO Products(ProductID, ProductName, SupplierID, CategoryID, QuantityPerUnit, UnitPrice, UnitsInStock, UnitsOnOrder, ReorderLevel, Discontinued) VALUES (66, 'Louisiana Hot Spiced Okra', 2, 2, '24 - 8 oz jars', 17.0000, 4, 100, 20, 0);
INSERT INTO Products(ProductID, ProductName, SupplierID, CategoryID, QuantityPerUnit, UnitPrice, UnitsInStock, UnitsOnOrder, ReorderLevel, Discontinued) VALUES (67, 'Laughing Lumberjack Lager', 16, 1, '24 - 12 oz bottles', 14.0000, 52, 0, 10, 0);
INSERT INTO Products(ProductID, ProductName, SupplierID, CategoryID, QuantityPerUnit, UnitPrice, UnitsInStock, UnitsOnOrder, ReorderLevel, Discontinued) VALUES (68, 'Scottish Longbreads', 8, 3, '10 boxes x 8 pieces', 12.5000, 6, 10, 15, 0);
INSERT INTO Products(ProductID, ProductName, SupplierID, CategoryID, QuantityPerUnit, UnitPrice, UnitsInStock, UnitsOnOrder, ReorderLevel, Discontinued) VALUES (69, 'Gudbrandsdalsost', 15, 4, '10 kg pkg.', 36.0000, 26, 0, 15, 0);
INSERT INTO Products(ProductID, ProductName, SupplierID, CategoryID, QuantityPerUnit, UnitPrice, UnitsInStock, UnitsOnOrder, ReorderLevel, Discontinued) VALUES (70, 'Outback Lager', 7, 1, '24 - 355 ml bottles', 15.0000, 15, 10, 30, 0);
INSERT INTO Products(ProductID, ProductName, SupplierID, CategoryID, QuantityPerUnit, UnitPrice, UnitsInStock, UnitsOnOrder, ReorderLevel, Discontinued) VALUES (71, 'Flotemysost', 15, 4, '10 - 500 g pkgs.', 21.5000, 26, 0, 0, 0);
INSERT INTO Products(ProductID, ProductName, SupplierID, CategoryID, QuantityPerUnit, UnitPrice, UnitsInStock, UnitsOnOrder, ReorderLevel, Discontinued) VALUES (72, 'Mozzarella di Giovanni', 14, 4, '24 - 200 g pkgs.', 34.8000, 14, 0, 0, 0);
INSERT INTO Products(ProductID, ProductName, SupplierID, CategoryID, QuantityPerUnit, UnitPrice, UnitsInStock, UnitsOnOrder, ReorderLevel, Discontinued) VALUES (73, 'Röd Kaviar', 17, 8, '24 - 150 g jars', 15.0000, 101, 0, 5, 0);
INSERT INTO Products(ProductID, ProductName, SupplierID, CategoryID, QuantityPerUnit, UnitPrice, UnitsInStock, UnitsOnOrder, ReorderLevel, Discontinued) VALUES (74, 'Longlife Tofu', 4, 7, '5 kg pkg.', 10.0000, 4, 20, 5, 0);
INSERT INTO Products(ProductID, ProductName, SupplierID, CategoryID, QuantityPerUnit, UnitPrice, UnitsInStock, UnitsOnOrder, ReorderLevel, Discontinued) VALUES (75, 'Rhönbräu Klosterbier', 12, 1, '24 - 0.5 l bottles', 7.7500, 125, 0, 25, 0);
INSERT INTO Products(ProductID, ProductName, SupplierID, CategoryID, QuantityPerUnit, UnitPrice, UnitsInStock, UnitsOnOrder, ReorderLevel, Discontinued) VALUES (76, 'Lakkalikööri', 23, 1, '500 ml', 18.0000, 57, 0, 20, 0);
INSERT INTO Products(ProductID, ProductName, SupplierID, CategoryID, QuantityPerUnit, UnitPrice, UnitsInStock, UnitsOnOrder, ReorderLevel, Discontinued) VALUES (77, 'Original Frankfurter grüne Soße', 12, 2, '12 boxes', 13.0000, 32, 0, 15, 0);
commit;
end;
/

begin
INSERT INTO Employees(EmployeeID, LastName, FirstName, Title, TitleOfCourtesy, BirthDate, HireDate, Address, City, Region, PostalCode, Country, HomePhone, Extension, Photo, Notes, ReportsTo, PhotoPath) VALUES (2, 'Fuller', 'Andrew', 'Vice President, Sales', 'Dr.', TO_DATE('1952-02-19 00:00:00','yyyy-mm-dd hh24:mi:ss'), TO_DATE('1992-08-14 00:00:00','yyyy-mm-dd hh24:mi:ss'), '908 W. Capital Way', 'Tacoma', 'WA', '98401', 'USA', '(206) 555-9482', '3457', null, 'Andrew received his BTS commercial in 1974 and a Ph.D. in international marketing from the University of Dallas in 1981.  He is fluent in French and Italian and reads German.  He joined the company as a sales representative, was promoted to sales manager in January 1992 and to vice president of sales in March 1993.  Andrew is a member of the Sales Management Roundtable, the Seattle Chamber of Commerce, and the Pacific Rim Importers Association.', null, 'http://accweb/emmployees/fuller.bmp');
INSERT INTO Employees(EmployeeID, LastName, FirstName, Title, TitleOfCourtesy, BirthDate, HireDate, Address, City, Region, PostalCode, Country, HomePhone, Extension, Photo, Notes, ReportsTo, PhotoPath) VALUES (1, 'Davolio', 'Nancy', 'Sales Representative', 'Ms.', TO_DATE('1948-12-08 00:00:00','yyyy-mm-dd hh24:mi:ss'), TO_DATE('1992-05-01 00:00:00','yyyy-mm-dd hh24:mi:ss'), '507 - 20th Ave. E.'||chr(13)||'Apt. 2A', 'Seattle', 'WA', '98122', 'USA', '(206) 555-9857', '5467', null, 'Education includes a BA in psychology from Colorado State University in 1970.  She also completed '||chr(34)||'The Art of the Cold Call.'||chr(34)||'  Nancy is a member of Toastmasters International.', 2, 'http://accweb/emmployees/davolio.bmp');
INSERT INTO Employees(EmployeeID, LastName, FirstName, Title, TitleOfCourtesy, BirthDate, HireDate, Address, City, Region, PostalCode, Country, HomePhone, Extension, Photo, Notes, ReportsTo, PhotoPath) VALUES (3, 'Leverling', 'Janet', 'Sales Representative', 'Ms.', TO_DATE('1963-08-30 00:00:00','yyyy-mm-dd hh24:mi:ss'), TO_DATE('1992-04-01 00:00:00','yyyy-mm-dd hh24:mi:ss'), '722 Moss Bay Blvd.', 'Kirkland', 'WA', '98033', 'USA', '(206) 555-3412', '3355', null, 'Janet has a BS degree in chemistry from Boston College (1984).  She has also completed a certificate program in food retailing management.  Janet was hired as a sales associate in 1991 and promoted to sales representative in February 1992.', 2, 'http://accweb/emmployees/leverling.bmp');
INSERT INTO Employees(EmployeeID, LastName, FirstName, Title, TitleOfCourtesy, BirthDate, HireDate, Address, City, Region, PostalCode, Country, HomePhone, Extension, Photo, Notes, ReportsTo, PhotoPath) VALUES (4, 'Peacock', 'Margaret', 'Sales Representative', 'Mrs.', TO_DATE('1937-09-19 00:00:00','yyyy-mm-dd hh24:mi:ss'), TO_DATE('1993-05-03 00:00:00','yyyy-mm-dd hh24:mi:ss'), '4110 Old Redmond Rd.', 'Redmond', 'WA', '98052', 'USA', '(206) 555-8122', '5176', null, 'Margaret holds a BA in English literature from Concordia College (1958) and an MA from the American Institute of Culinary Arts (1966).  She was assigned to the London office temporarily from July through November 1992.', 2, 'http://accweb/emmployees/peacock.bmp');
INSERT INTO Employees(EmployeeID, LastName, FirstName, Title, TitleOfCourtesy, BirthDate, HireDate, Address, City, Region, PostalCode, Country, HomePhone, Extension, Photo, Notes, ReportsTo, PhotoPath) VALUES (5, 'Buchanan', 'Steven', 'Sales Manager', 'Mr.', TO_DATE('1955-03-04 00:00:00','yyyy-mm-dd hh24:mi:ss'), TO_DATE('1993-10-17 00:00:00','yyyy-mm-dd hh24:mi:ss'), '14 Garrett Hill', 'London', null, 'SW1 8JR', 'UK', '(71) 555-4848', '3453', null, 'Steven Buchanan graduated from St. Andrews University, Scotland, with a BSC degree in 1976.  Upon joining the company as a sales representative in 1992, he spent 6 months in an orientation program at the Seattle office and then returned to his permanent post in London.  He was promoted to sales manager in March 1993.  Mr. Buchanan has completed the courses '||chr(34)||'Successful Telemarketing'||chr(34)||' and '||chr(34)||'International Sales Management.'||chr(34)||'  He is fluent in French.', 2, 'http://accweb/emmployees/buchanan.bmp');
INSERT INTO Employees(EmployeeID, LastName, FirstName, Title, TitleOfCourtesy, BirthDate, HireDate, Address, City, Region, PostalCode, Country, HomePhone, Extension, Photo, Notes, ReportsTo, PhotoPath) VALUES (6, 'Suyama', 'Michael', 'Sales Representative', 'Mr.', TO_DATE('1963-07-02 00:00:00','yyyy-mm-dd hh24:mi:ss'), TO_DATE('1993-10-17 00:00:00','yyyy-mm-dd hh24:mi:ss'), 'Coventry House'||chr(13)||'Miner Rd.', 'London', null, 'EC2 7JR', 'UK', '(71) 555-7773', '428', null, 'Michael is a graduate of Sussex University (MA, economics, 1983) and the University of California at Los Angeles (MBA, marketing, 1986).  He has also taken the courses '||chr(34)||'Multi-Cultural Selling'||chr(34)||' and '||chr(34)||'Time Management for the Sales Professional.'||chr(34)||'  He is fluent in Japanese and can read and write French, Portuguese, and Spanish.', 5, 'http://accweb/emmployees/davolio.bmp');
INSERT INTO Employees(EmployeeID, LastName, FirstName, Title, TitleOfCourtesy, BirthDate, HireDate, Address, City, Region, PostalCode, Country, HomePhone, Extension, Photo, Notes, ReportsTo, PhotoPath) VALUES (7, 'King', 'Robert', 'Sales Representative', 'Mr.', TO_DATE('1960-05-29 00:00:00','yyyy-mm-dd hh24:mi:ss'), TO_DATE('1994-01-02 00:00:00','yyyy-mm-dd hh24:mi:ss'), 'Edgeham Hollow'||chr(13)||'Winchester Way', 'London', null, 'RG1 9SP', 'UK', '(71) 555-5598', '465', null, 'Robert King served in the Peace Corps and traveled extensively before completing his degree in English at the University of Michigan in 1992, the year he joined the company.  After completing a course entitled '||chr(34)||'Selling in Europe,'||chr(34)||' he was transferred to the London office in March 1993.', 5, 'http://accweb/emmployees/davolio.bmp');
INSERT INTO Employees(EmployeeID, LastName, FirstName, Title, TitleOfCourtesy, BirthDate, HireDate, Address, City, Region, PostalCode, Country, HomePhone, Extension, Photo, Notes, ReportsTo, PhotoPath) VALUES (8, 'Callahan', 'Laura', 'Inside Sales Coordinator', 'Ms.', TO_DATE('1958-01-09 00:00:00','yyyy-mm-dd hh24:mi:ss'), TO_DATE('1994-03-05 00:00:00','yyyy-mm-dd hh24:mi:ss'), '4726 - 11th Ave. N.E.', 'Seattle', 'WA', '98105', 'USA', '(206) 555-1189', '2344', null, 'Laura received a BA in psychology from the University of Washington.  She has also completed a course in business French.  She reads and writes French.', 2, 'http://accweb/emmployees/davolio.bmp');
INSERT INTO Employees(EmployeeID, LastName, FirstName, Title, TitleOfCourtesy, BirthDate, HireDate, Address, City, Region, PostalCode, Country, HomePhone, Extension, Photo, Notes, ReportsTo, PhotoPath) VALUES (9, 'Dodsworth', 'Anne', 'Sales Representative', 'Ms.', TO_DATE('1966-01-27 00:00:00','yyyy-mm-dd hh24:mi:ss'), TO_DATE('1994-11-15 00:00:00','yyyy-mm-dd hh24:mi:ss'), '7 Houndstooth Rd.', 'London', null, 'WG2 7LT', 'UK', '(71) 555-4444', '452', null, 'Anne has a BA degree in English from St. Lawrence College.  She is fluent in French and German.', 5, 'http://accweb/emmployees/davolio.bmp');
commit;
end;
/


-- Orders Order Details upload via Data Import


begin
INSERT INTO EmployeeTerritories(EmployeeID, TerritoryID) VALUES (1, '06897');
INSERT INTO EmployeeTerritories(EmployeeID, TerritoryID) VALUES (1, '19713');
INSERT INTO EmployeeTerritories(EmployeeID, TerritoryID) VALUES (2, '01581');
INSERT INTO EmployeeTerritories(EmployeeID, TerritoryID) VALUES (2, '01730');
INSERT INTO EmployeeTerritories(EmployeeID, TerritoryID) VALUES (2, '01833');
INSERT INTO EmployeeTerritories(EmployeeID, TerritoryID) VALUES (2, '02116');
INSERT INTO EmployeeTerritories(EmployeeID, TerritoryID) VALUES (2, '02139');
INSERT INTO EmployeeTerritories(EmployeeID, TerritoryID) VALUES (2, '02184');
INSERT INTO EmployeeTerritories(EmployeeID, TerritoryID) VALUES (2, '40222');
INSERT INTO EmployeeTerritories(EmployeeID, TerritoryID) VALUES (3, '30346');
INSERT INTO EmployeeTerritories(EmployeeID, TerritoryID) VALUES (3, '31406');
INSERT INTO EmployeeTerritories(EmployeeID, TerritoryID) VALUES (3, '32859');
INSERT INTO EmployeeTerritories(EmployeeID, TerritoryID) VALUES (3, '33607');
INSERT INTO EmployeeTerritories(EmployeeID, TerritoryID) VALUES (4, '20852');
INSERT INTO EmployeeTerritories(EmployeeID, TerritoryID) VALUES (4, '27403');
INSERT INTO EmployeeTerritories(EmployeeID, TerritoryID) VALUES (4, '27511');
INSERT INTO EmployeeTerritories(EmployeeID, TerritoryID) VALUES (5, '02903');
INSERT INTO EmployeeTerritories(EmployeeID, TerritoryID) VALUES (5, '07960');
INSERT INTO EmployeeTerritories(EmployeeID, TerritoryID) VALUES (5, '08837');
INSERT INTO EmployeeTerritories(EmployeeID, TerritoryID) VALUES (5, '10019');
INSERT INTO EmployeeTerritories(EmployeeID, TerritoryID) VALUES (5, '10038');
INSERT INTO EmployeeTerritories(EmployeeID, TerritoryID) VALUES (5, '11747');
INSERT INTO EmployeeTerritories(EmployeeID, TerritoryID) VALUES (5, '14450');
INSERT INTO EmployeeTerritories(EmployeeID, TerritoryID) VALUES (6, '85014');
INSERT INTO EmployeeTerritories(EmployeeID, TerritoryID) VALUES (6, '85251');
INSERT INTO EmployeeTerritories(EmployeeID, TerritoryID) VALUES (6, '98004');
INSERT INTO EmployeeTerritories(EmployeeID, TerritoryID) VALUES (6, '98052');
INSERT INTO EmployeeTerritories(EmployeeID, TerritoryID) VALUES (6, '98104');
INSERT INTO EmployeeTerritories(EmployeeID, TerritoryID) VALUES (7, '60179');
INSERT INTO EmployeeTerritories(EmployeeID, TerritoryID) VALUES (7, '60601');
INSERT INTO EmployeeTerritories(EmployeeID, TerritoryID) VALUES (7, '80202');
INSERT INTO EmployeeTerritories(EmployeeID, TerritoryID) VALUES (7, '80909');
INSERT INTO EmployeeTerritories(EmployeeID, TerritoryID) VALUES (7, '90405');
INSERT INTO EmployeeTerritories(EmployeeID, TerritoryID) VALUES (7, '94025');
INSERT INTO EmployeeTerritories(EmployeeID, TerritoryID) VALUES (7, '94105');
INSERT INTO EmployeeTerritories(EmployeeID, TerritoryID) VALUES (7, '95008');
INSERT INTO EmployeeTerritories(EmployeeID, TerritoryID) VALUES (7, '95054');
INSERT INTO EmployeeTerritories(EmployeeID, TerritoryID) VALUES (7, '95060');
INSERT INTO EmployeeTerritories(EmployeeID, TerritoryID) VALUES (8, '19428');
INSERT INTO EmployeeTerritories(EmployeeID, TerritoryID) VALUES (8, '44122');
INSERT INTO EmployeeTerritories(EmployeeID, TerritoryID) VALUES (8, '45839');
INSERT INTO EmployeeTerritories(EmployeeID, TerritoryID) VALUES (8, '53404');
INSERT INTO EmployeeTerritories(EmployeeID, TerritoryID) VALUES (9, '03049');
INSERT INTO EmployeeTerritories(EmployeeID, TerritoryID) VALUES (9, '03801');
INSERT INTO EmployeeTerritories(EmployeeID, TerritoryID) VALUES (9, '48075');
INSERT INTO EmployeeTerritories(EmployeeID, TerritoryID) VALUES (9, '48084');
INSERT INTO EmployeeTerritories(EmployeeID, TerritoryID) VALUES (9, '48304');
INSERT INTO EmployeeTerritories(EmployeeID, TerritoryID) VALUES (9, '55113');
INSERT INTO EmployeeTerritories(EmployeeID, TerritoryID) VALUES (9, '55439');
commit;
end;
/



